{"cameraMode":{"drawMode":0,"name":"Shaded","section":"Shading Mode"},"sceneLighting":true,"audioPlay":false,"sceneViewState":{"showFog":true,"showMaterialUpdate":false,"showSkybox":true,"showFlares":true,"showImageEffects":true,"showParticleSystems":true},"in2DMode":false,"pivot":{"x":2.7388670444488527,"y":1.698862075805664,"z":-2.8502941131591799},"rotation":{"x":0.22394011914730073,"y":-0.019004808738827707,"z":0.004371779039502144,"w":0.9744135141372681},"size":15.050753593444825,"orthographic":false}