{"cameraMode":{"drawMode":0,"name":"Shaded","section":"Shading Mode"},"sceneLighting":true,"audioPlay":false,"sceneViewState":{"showFog":true,"showMaterialUpdate":false,"showSkybox":true,"showFlares":true,"showImageEffects":true,"showParticleSystems":true},"in2DMode":false,"pivot":{"x":-0.28812676668167117,"y":-0.8667559623718262,"z":9.456035614013672},"rotation":{"x":0.12265917658805847,"y":-0.02232816070318222,"z":0.0027602689806371929,"w":0.9921956062316895},"size":27.583656311035158,"orthographic":false}